title,artist,release_year,language,cover_image_url,spotify_link
Velvet Rope,Janet Jackson,1997,English,https://i.pinimg.com/736x/96/e2/f6/96e2f656a1ebe67a4e144a874b2d5c30.jpg,https://open.spotify.com/album/1uFp52Q9EXLNA6DTRYnpTj?si=G4TKQn8sQR6ksBZZc_r2aA
Brown Sugar,D'Angelo,1995,English,https://i.pinimg.com/236x/6f/e9/65/6fe96582057aab03c5a9774e183650b6.jpg,https://open.spotify.com/album/4HTVABUq8amDUxBv3zJbX4?si=vf-o1Z1YRPW7UVUw8sOpmw
Electric Ladyland,Jimi Hendrix,1968,English,https://i.pinimg.com/236x/3e/c8/6d/3ec86d31ec1aa53a7d790db5cd295b16.jpg,https://open.spotify.com/album/5z090LQztiqh13wYspQvKQ?si=71MzmcTaQ5KJwAi_cP0IMQ
The Low End Theory,A Tribe Called Quest,1991,English,https://i.pinimg.com/236x/ce/6b/a6/ce6ba69c8981e33304e71e74cf96315c.jpg,https://open.spotify.com/album/1p12OAWwudgMqfMzjMvl2a?si=uvtTsQmDQQyHgCcEytnMLg
Siamese Dream,Smashing Pumpkins,1993,English,https://i.pinimg.com/736x/1f/32/d2/1f32d26fc25b0d6d84ab7d5428d2ca9b.jpg,https://open.spotify.com/album/2Qs2SpclDToB087fLolhCN?si=FEZnDIGoQ_6msqDeIz8pbw
Mama's Gun,Erykah Badu,2000,English,https://i.pinimg.com/736x/87/bc/84/87bc8469ecda423710843a024a958959.jpg,https://open.spotify.com/album/3cADvHRdKniF9ELCn1zbGH?si=vPKWTazRSc6321XlN80LgQ
Rumours,Fleetwood Mac,1977,English,https://i.pinimg.com/236x/a4/dc/bd/a4dcbdbcc8d1ad4c3f50cfe2626c2063.jpg,https://open.spotify.com/album/1bt6q2SruMsBtcerNVtpZB?si=6e3JX1WuTVi4eCtDujTnfQ
OK Computer,Radiohead,1997,English,https://i.pinimg.com/236x/30/2e/3e/302e3e176b936fe2296b624d268d243d.jpg,https://open.spotify.com/album/6dVIqQ8qmQ5GBnJ9shOYGE?si=bUfcGgyoTk-YDogcZp5B8w
The Miseducation of Lauryn Hill,Lauryn Hill,1998,English,https://i.pinimg.com/236x/f2/70/f7/f270f7730478b4ead62670ffd4538980.jpg,https://open.spotify.com/album/1BZoqf8Zje5nGdwZhOjAtD?si=0i_3ENboS7yDeLp4pv6pmw
The Velvet Underground & Nico,The Velvet Underground & Nico,1967,English,https://i.pinimg.com/236x/0f/2a/f5/0f2af50c5c4f6249ae2b222ed5c54315.jpg,https://open.spotify.com/album/4xwx0x7k6c5VuThz5qVqmV?si=sSkMomOQREeFSJSef1xieA
Baduizm,Erykah Badu,1997,English,https://i.pinimg.com/236x/67/b7/7e/67b77e0a86d9ca92ae6e4de6805363cc.jpg,https://open.spotify.com/album/3qr4pTBWEU1SVf01j6RAx3?si=wa266CARRt6y28ODvLiRUg
Aquemini,OutKast,1998,English,https://i.pinimg.com/236x/be/bc/98/bebc986cda20d8b3cd7b0f408a792abb.jpg,https://open.spotify.com/album/5ceB3rxgXqIRpsOvVzTG28?si=CnzxaV-DQPKKr_H4AXYjeA
Silent Alarm,Bloc Party,2005,English,https://i.pinimg.com/236x/95/56/17/955617727f477e706090868424c618ec.jpg,https://open.spotify.com/album/1VpqO2dBJdAS3YAimXlhEM?si=G-NWS5i_QISu6Jeg5bwtzQ
Care for Me,Saba,2018,English,https://i.pinimg.com/236x/39/8a/b3/398ab3e0b1de6f717c20b9136a236d95.jpg,https://open.spotify.com/album/1crhG7YecAj6ZN0AAYMYsb?si=hpCoifsoQlm9WxFuNG41MQ
Voodoo,D'Angelo,2000,English,https://i.pinimg.com/736x/e2/76/3d/e2763d69b431a69ebf4e643a99b6946d.jpg,https://open.spotify.com/album/2lO9yuuIDgBpSJzxTh3ai8?si=-RRj8cK_SHOEde3KlunnQQ
Bizarre Ride II the Pharcyde,The Pharcyde,1992,English,https://i.pinimg.com/736x/21/9f/a9/219fa9ecb345d7277cb4cb46560bb92a.jpg,https://open.spotify.com/album/48kU5gP41TqZEw32Cwhsna?si=o_QFpEF8TCuSacxypdIeVw
Dig Me Out,Sleater-Kinney,1997,English,https://i.pinimg.com/736x/34/a1/67/34a167db91c1c00d344d77c6dcc79a15.jpg,https://open.spotify.com/album/3tshnNFNhHrO6NUQ0BHw42?si=EGSHPkCGRTSDlWiQ5XLb2Q
Homogenic,Bj�rk,1997,English/Icelandic,https://i.pinimg.com/736x/73/dc/23/73dc23bea287f0590eacd48c671c3955.jpg,https://open.spotify.com/album/0h19Ty9F2Ma8pKkRdx17UT?si=qkFQSF43TvuEmRmECJYEag
Midnight Marauders,A Tribe Called Quest,1993,English,https://i.pinimg.com/736x/b4/8c/33/b48c3369894d2a0a1c031f69679d0bce.jpg,https://open.spotify.com/album/4v5x3Oo3UjQ9YmF3hRAip5?si=HzYpmrlDSaSV8opHKZPEkw
Either/Or,Elliott Smith,1997,English,https://i.pinimg.com/736x/9c/a3/55/9ca355b564bade49534fabdf56ec8674.jpg,https://open.spotify.com/album/5hryhrT7wEdLnZCbJX9F6L?si=BKDR3MXOS_eac5GZDWtnfA
Les Cinq Saisons,Harmonium,1975,French,https://i.pinimg.com/736x/2d/fb/37/2dfb37309f27c92218fa28221f217e6e.jpg,https://open.spotify.com/album/1o2UqbYkULKaLzkD5VUPlm?si=5lPr0Y8cSNS__JJzd3xSGQ
Pink Moon,Nick Drake,1972,English,https://i.pinimg.com/736x/cb/02/95/cb0295adc152af01517627a5ca7ece22.jpg,https://open.spotify.com/album/5mwOo1zikswhmfHvtqVSXg?si=zuKP-YsCQeCdcFhl-u-0pg
Dummy,Portishead,1994,English,https://i.pinimg.com/736x/ff/36/8c/ff368cb68127b9628cb483dfb6f46d5a.jpg,https://open.spotify.com/album/3539EbNgIdEDGBKkUf4wno?si=_0z2rUG-S0OYD_Lroy0MDw
Loveless,My Bloody Valentine,1991,English,https://i.pinimg.com/736x/15/e5/ae/15e5aeb6ac4625814f5f1879fad9ee1f.jpg,https://open.spotify.com/album/3USQKOw0se5pBNEndu82Rb?si=Add8aUQPRSCR2cSHzncO3Q
Clandestino,Manu Chao,1998,Spanish/French/English,https://i.pinimg.com/736x/f9/39/a6/f939a68cf5815febd13981966e05a9df.jpg,https://open.spotify.com/album/3xoAUqjKs7Ps7wR26VAMbq?si=XKHkoP5wRiayyX0F_UEUJA
After the Gold Rush,Neil Young,1970,English,https://i.pinimg.com/736x/b4/28/90/b4289037a152a810d79735e9407e79ab.jpg,https://open.spotify.com/album/5EVlXlHbRQI8ybuNt4ArXI?si=2OqVQuszQAy9xUKwxRRAkA
Endtroducing.....,DJ Shadow,1996,English,https://i.pinimg.com/736x/ba/b5/c9/bab5c998f39079e783ee2caddd769560.jpg,https://open.spotify.com/album/4tUVkNYSFrrEqqrxBQW9PN?si=3Zmx1QGXQlaOHaKmFPQ19Q
Soul Mining,The The,1983,English,https://i.pinimg.com/736x/11/13/3d/11133de35cb1bbfba31832285370f56b.jpg,https://open.spotify.com/album/0I7bOh7mYGUEyqCFHU9R0A?si=bTdZnhTOTVSaJU_AwR-inw
Maxinquaye,Tricky,1995,English,https://i.pinimg.com/736x/ae/f6/a6/aef6a656293fd059350a268404c4b7ed.jpg,https://open.spotify.com/album/7qlZpMib7D0riFPQ5JHDT8?si=JKoeiLxzSGaKAry11Sg06Q
Violator,Depeche Mode,1990,English,https://i.pinimg.com/736x/0f/3b/72/0f3b72ba5c3df74ffbf742aa747ce8a9.jpg,https://open.spotify.com/album/45YmvYK4hB4CgQgTMuNRm8?si=mNbRdCsXSxySFtjcNr_j0Q
ATLiens,OutKast,1996,English,https://i.pinimg.com/736x/57/3f/50/573f50fb2efc22a43c34a08f85b24bfb.jpg,https://open.spotify.com/album/1IaBCF26OjgYwUCEPaIyC0?si=wM3UbQ5jSw60P_IYSi8R3Q
Super Tight,UGK,1994,English,https://i.pinimg.com/736x/b3/a5/cf/b3a5cfb5fb4e89df0bbc3caf9c476e28.jpg,https://open.spotify.com/album/4VQz1gqTCyie2LF7gdn3Fu?si=nwjbGF9lTiuCOSBxnQHFEA
Donuts,J Dilla,2006,English,https://i.pinimg.com/736x/b8/e0/75/b8e07548119b14da56bb11d5fc7d6b7c.jpg,https://open.spotify.com/album/5fMlysqhFE0itGn4KezMBW?si=wtAXc51ARsO7pLc9KH6SIA
Spilt Milk,Jellyfish,1993,English,https://i.pinimg.com/736x/12/74/72/127472f916cdfe02b5a1d4cf1e3e27ae.jpg,https://open.spotify.com/album/7dAjaIuG9a9Nt3jkYTcoxD?si=uVr_WinKRS61yW1-SRX1ow
Telefone,Noname,2016,English,https://i.pinimg.com/736x/e7/b0/64/e7b064b3e3ced116b975db95b12eadd2.jpg,https://open.spotify.com/album/5kjqLxeQxdW3CcUdOXuO2c?si=e6b9JNa-Rr2Gqb-1ADASAg
"Hissing Fauna, Are You the Destroyer?",of Montreal,2007,English,https://i.pinimg.com/736x/e9/dd/1c/e9dd1c0971407a547a1f948ee4a6bd87.jpg,https://open.spotify.com/album/15Fb7HPHdy42No0l9KnXAZ?si=1CFLtyrqTgyxiberG00u2g
BLACKsummers�night,Maxwell,2009,English,https://i.pinimg.com/736x/c6/9e/d7/c69ed76b2e35812018e8da2fcfc5c1de.jpg,https://open.spotify.com/album/1cXFSOdjxmS13cOTtnNQAo?si=Fyafs73YSqK8CKxw8i5t5Q
The Warm Up,J. Cole,2009,English,https://i.pinimg.com/736x/d8/20/d8/d820d8cbccc9b42cdfbdd4efbd82e70c.jpg,https://open.spotify.com/album/4zxXtxhx2Gc2EwEyMOkAeY?si=XFrIrZlRSZyDSQv_NSCP8w
3 Feet High and Rising,De La Soul,1989,English,https://i.pinimg.com/736x/2a/5c/c4/2a5cc4423203c0cdd51a54f430f14b61.jpg,https://open.spotify.com/album/34LxHI9x14qXUOS8AWRrYD?si=RS_ocIVzRFeukWVeoI72LA
Since I Left You,The Avalanches,2000,English,https://i.pinimg.com/736x/61/48/32/6148324d1b8450fc9a6007d3e27dd678.jpg,https://open.spotify.com/album/0CvU96jYCiNP4c9u8dWHoI?si=4vVZ_drpT1CdA_hFwiz7yw
Sung Tongs,Animal Collective,2004,English,https://i.pinimg.com/736x/76/15/77/761577994d9ba525941fb58aa05ba68c.jpg,https://open.spotify.com/album/4eBP58Wc5U1rmNt0BdQmMa?si=C0WL9DHGQAWDpexcY3gSjg
Modal Soul,Nujabes,2005,Japanese/English,https://i.pinimg.com/736x/e7/64/e2/e764e211eeb481d72612b4514986e43c.jpg,https://open.spotify.com/album/6nVACH6a27eOWiumAJhDWS?si=d6Szn3ZnRzeSdyBtkmOFlQ
Tango in the Night,Fleetwood Mac,1987,English,https://i.pinimg.com/736x/bb/fb/1f/bbfb1f32c228c21764fbfdacdf54c3ac.jpg,https://open.spotify.com/album/7CWZNdANL2ZYQs3JfdxoM5?si=hY_uCBJBQ2u1iFjQpKWLsw
Do What Thou Wilt,Ab-Soul,2016,English,https://i.pinimg.com/736x/e9/a6/1c/e9a61cd3aff4779ed65ac4fe1702cbf3.jpg,https://open.spotify.com/album/1CEeqK9sKrE7LzUHeT3bfP?si=l4fCvCfySeCANV9odZP1Fw
Bitches Brew,Miles Davis,1970,English,https://i.pinimg.com/736x/e9/05/dd/e905dda37366dee43a6d22efdb30c33c.jpg,https://open.spotify.com/album/3Q0zkOZEOC855ErOOJ1AdO?si=SZEHbx_LSpues_wnypDJ6w
Liquid Swords,GZA,1995,English,https://i.pinimg.com/736x/8a/0e/ba/8a0eba9dfeea484b747a25815266bfe2.jpg,https://open.spotify.com/album/3k8xoyOXkGgZxUKgpmxz4P?si=g1MWrIJnST6IGjc5kVC_Mg
What's Going On,Marvin Gaye,1971,English,https://i.pinimg.com/736x/30/b1/8a/30b18a116c44eda33d8ee91570327749.jpg,https://open.spotify.com/album/2v6ANhWhZBUKkg6pJJBs3B?si=s3Gw2WaWSo-ff4Y3vnbwpw
Mezzanine,Massive Attack,1998,English,https://i.pinimg.com/736x/22/bc/37/22bc370fbf80e960269d3abd6a27a279.jpg,https://open.spotify.com/album/49MNmJhZQewjt06rpwp6QR?si=mvDCgZgpTgCvWMCPQ3utXw
First Light,Makoto Matsushita,1981,Japanese/English,https://i.pinimg.com/736x/74/ea/38/74ea38ff3f434b88f70ff80a0b72af3e.jpg,https://open.spotify.com/album/6iHAKqapZLwgw9yIrVgsUT?si=bq3MH9neRDe6fce0DjSLmw
The Koln Concert,Keith Jarrett,1975,English,https://i.pinimg.com/736x/db/8e/84/db8e8496220c3b831d1a7aac487a3489.jpg,https://open.spotify.com/album/0I8vpSE1bSmysN2PhmHoQg?si=i1lAiynQTgC5xyq52WEmww
Aaliyah,Aaliyah,2001,English,https://i.pinimg.com/736x/80/83/8e/80838ed699c7dc5572791536a292c333.jpg,https://open.spotify.com/album/5eHseOO2Hm8ryJCZTtbp01?si=oIqEqPA4Siy6BxA_VI7iEw
Room on Fire,The Strokes,2003,English,https://i.pinimg.com/736x/ee/2d/92/ee2d9257dbabde7d6c9de0e5c6cb8572.jpg,https://open.spotify.com/album/3HFbH1loOUbqCyPsLuHLLh?si=vz1X6uHwQ1KhRVSupbqu7g
Black Messiah,D'Angelo and the Vanguard,2014,English,https://i.pinimg.com/736x/c1/c7/bf/c1c7bff6810abe407b3ce1f96b0efa66.jpg,https://open.spotify.com/album/5Hfbag0SsHxafx1SySFSX6?si=Wz2JH5MYQGCoooGTZMgCCQ
Unknown Pleasures,Joy Division,1979,English,https://i.pinimg.com/736x/18/49/d5/1849d5ed8997413cf54ec0d7a1079586.jpg,https://open.spotify.com/album/5Dgqy4bBg09Rdw7CQM545s?si=bWJu74BfREi7IMPM4YWFdg
Elephant,The White Stripes,2003,English,https://i.pinimg.com/736x/e2/4b/05/e24b05b321a8f3f0636e4ee38df8808e.jpg,https://open.spotify.com/album/6D9urpsOWWKtYvF6PaorGE?si=I8YMTl8kR3quJelpW5naOA
Deltron 3030,Deltron 3030,2000,English,https://i.pinimg.com/736x/bd/d3/d6/bdd3d6a594f4347375a3aa41d997fd05.jpg,https://open.spotify.com/album/04uhhcjGVCHodMgZjXOlye?si=DN_T2-zzShqwP6Y231tNpA
Floating Into The Night,Julee Cruise,1989,English,https://i.pinimg.com/736x/da/31/2a/da312aae45a8c832e95ec56a39755b14.jpg,https://open.spotify.com/album/3N6VPyK0YsRTccqoRQjkVx?si=BcSQ77o8T-iZ68xoFi5oug
Soul Burger,Ab-Soul,2024,English,https://i.pinimg.com/736x/2f/d1/44/2fd1445999a2b0a02c76e054065124db.jpg,https://open.spotify.com/album/4h3I43cFQyDqezGcREnTK6?si=pdWaMYheQJOxkZtFJZMCuQ
Licensed to Ill,Beastie Boys,1986,English,https://i.pinimg.com/736x/c5/90/f2/c590f2dfad40fc3f53ef8c3c43b3089f.jpg,https://open.spotify.com/album/11oR0ZuqB3ucZwb5TGbZxb?si=_NKfSxKgSbe7lucrtwozlw
Beaucoup Fish,Underworld,1999,English,https://i.pinimg.com/736x/ad/f5/f2/adf5f22d025937535c71c5ef88c607a6.jpg,https://open.spotify.com/album/6qTdfDzHZc1KseJG8gEthS?si=yBQTXzVCTLCmVBuUUsJX3A
Blue Lines,Massive Attack,1991,English,https://i.pinimg.com/736x/91/69/82/9169825a520a53d73aef2dcfc43e6359.jpg,https://open.spotify.com/album/5mAPk4qeNqVLtNydaWbWlf?si=90O__y26TkeK-LFTZsfB5A
In The Court Of The Crimson King,King Crimson,1969,English,https://i.pinimg.com/736x/c9/f3/ad/c9f3ad2c7df003f262258dff8f4f7de9.jpg,https://open.spotify.com/album/75ol9OP8bJaRqzGimpFHDm?si=HyRj-4VhSXSHWol3X19ZBg
Collapsed in Sunbeams,Arlo Parks,2021,English,https://i.pinimg.com/736x/ea/d5/f1/ead5f1eb00d1f4f29369f9a818d45518.jpg,https://open.spotify.com/album/42joEEymK7EIHODfNB4yug?si=JHzOM2tOQ-aPNkFtJ3VNgw
Post,Bj�rk,1995,English/Icelandic,https://i.pinimg.com/736x/b3/10/99/b310999680bb50a4336de601a70aa949.jpg,https://open.spotify.com/album/2lYwBB5l7GqgyHFTHz0Itd?si=qyj6dWdOQY-kLZkbSNFpSw
Heaven To A Tortured Mind,Yves Tumor,2020,English,https://i.pinimg.com/736x/4d/86/72/4d8672ad6df03ef07606cd31926ab865.jpg,https://open.spotify.com/album/00R4y0gymycDUv9IVY7VvO?si=Y43tMXdFS2C2IPsAXsAJsA
The Stone Roses,The Stone Roses,1989,English,https://i.pinimg.com/736x/36/e3/e9/36e3e95a5ac64081f1babe01455e3c94.jpg,https://open.spotify.com/album/0um9FI6BLBldL5POP4D4Cw?si=6CKbgIKKQfSJ8x85D6l2TA
The Score,Fugees,1996,English,https://i.pinimg.com/736x/41/82/b0/4182b0e56c536a7501e52e20f609e155.jpg,https://open.spotify.com/album/4z6F5s3RVaOsekuaegbLfD?si=KgspYFSqQo2LePMdPp2l9g
Doris,Earl Sweatshirt,2013,English,https://i.pinimg.com/736x/bc/64/5f/bc645f832ce20dc0c932e76d18405c5c.jpg,https://open.spotify.com/album/5vRfIDOPJHy3W2wHWbzLlE?si=GUkHTobvSrGHh0SLyfA3sg
The Blueprint,Jay-Z,2001,English,https://i.pinimg.com/736x/b3/3b/4c/b33b4c004c8af53276c4fb3bd35f840d.jpg,https://open.spotify.com/album/69CmkikTHkGKdkrUZTtyWl?si=Ct2kqfmvTjSjilgOwOLQjA
New Adventures in Hi-Fi,R.E.M.,1996,English,https://i.pinimg.com/736x/23/e1/8a/23e18aebd22e76d88abe9555f60a4fef.jpg,https://open.spotify.com/album/3pPyHBRk2RvmNn4Cg1Asv6?si=DgXbFwksSaSwBcKgEQ4ATw
Surfer Rosa,Pixies,1988,English,https://i.pinimg.com/736x/c6/7b/dc/c67bdca087139e3ae881ba322afe421f.jpg,https://open.spotify.com/album/50j4Wm1b9hLpSpPIA39Vp9?si=4SqSLRAYRbarc8Z6RoA6aw
Music Box,Mariah Carey,1993,English,https://i.pinimg.com/736x/36/d5/67/36d567c0b410988a7ace354750983a99.jpg,https://open.spotify.com/album/5Mr8FpZP1DaLDxjbMD7GcR?si=0_W-jEiLRPGWn6_qRlzaQA
Fantasies,Metric,2009,English,https://i.pinimg.com/736x/95/86/b2/9586b29db6f5c007d0b764a3bba24c4c.jpg,https://open.spotify.com/album/1N2HeWMUjuAxYL7UnA63JH?si=IkjKMMlGSke8JqkYMarIwA
The Stooges,The Stooges,1969,English,https://i.pinimg.com/736x/04/eb/5e/04eb5edb2beb41386a14b609544718c3.jpg,https://open.spotify.com/album/3MANoCcmaHWeXSuWiO3iVo?si=ebsOXPlUQwmpv_gBP4n20Q
Maggot Brain,Funkadelic,1971,English,https://i.pinimg.com/736x/3b/b3/24/3bb32491626484bb662b5b0e4ed00681.jpg,https://open.spotify.com/album/3ywVzrwMQ3Kq43N9zBdBQm?si=ECskFzEATsObP9mbd18eew
Fever,Black Milk,2018,English,https://i.pinimg.com/736x/22/6c/fe/226cfe4f72d71f8ef4e85a180bb4e64f.jpg,https://open.spotify.com/album/1jEbsBUDqAbPrIO6cbWZtI?si=XHfF_ZIEQeilJwtT8ECrzA
Veckatimest,Grizzly Bear,2009,English,https://i.pinimg.com/736x/73/bd/af/73bdaf6ff97490b033a83b459b42ebcc.jpg,https://open.spotify.com/album/3XQMgEnLQnOMkFaJA9w6sZ?si=zGJHBTBKTUS-jAtka_kzhA
Process,Sampha,2017,English,https://i.pinimg.com/736x/b9/64/24/b96424bb85125f4fab23acf385cc5d00.jpg,https://open.spotify.com/album/4fRcYn1zNOHY5LJXuRmJHI?si=W9P3o4cPR_Ki-YEiHfc1Zw
Ege Bamyasi,Can,1972,German/English,https://i.pinimg.com/736x/56/83/1b/56831bc119c6b9e3895445babdb7d3b7.jpg,https://open.spotify.com/album/1MLxE2czxo5A9OVZ2m8FV3?si=0t9FkPO_R0S4dyhTT7486g
Black on Both Sides,Mos Def,1999,English,https://i.pinimg.com/736x/56/b7/92/56b7926e4f99d27b350ffe81f83faf7b.jpg,https://open.spotify.com/album/5gK2l2LgWY0BA4p9uy27z6?si=cBg0PYCoRdONWH4zDSWy0Q
Double Nickels on the Dime,Minutemen,1984,English,https://i.pinimg.com/736x/25/9c/00/259c0053eb4a5ab6c2cea7200f355b41.jpg,https://open.spotify.com/album/5viZ5HyYtV0wafK7DoXmgF?si=XRYAOoP7Qa2pio4qtrtdcg
Funkentelechy Vs. the Placebo Syndrome,Parliament,1977,English,https://i.pinimg.com/736x/a2/65/68/a26568c6edfd4f6d52ae115b998b1e57.jpg,https://open.spotify.com/album/7Kv0H0XMdIyRs41a6USzrd?si=dBlMa8ISTP2cCYnlvgg9bw
Earth,SAULT,2022,English,https://i.pinimg.com/736x/62/82/53/628253564461d21650115205bb4eadca.jpg,https://open.spotify.com/album/48PSzJhY6BJuNuDmWUOtwp?si=f4yb35dqTd6s0qaWzoBVog
Low,David Bowie,1977,English,https://i.pinimg.com/736x/e9/f5/6d/e9f56d7a4a36656ef2ae112e0b2c6078.jpg,https://open.spotify.com/album/2de6LD7eOW8zrlorbS28na?si=NDN_iESuTEq3oRPcrIS_4A
The Freewheelin' Bob Dylan,Bob Dylan,1963,English,https://i.pinimg.com/736x/07/2e/48/072e48ab6174e3cb28c2c88238575100.jpg,https://open.spotify.com/album/0o1uFxZ1VTviqvNaYkTJek?si=SCqAROCCSLmyhKVf5flCSg
Supreme Clientele,Ghostface Killah,2000,English,https://i.pinimg.com/736x/cc/8d/2a/cc8d2a53b502a80c1f157d39f2f90348.jpg,https://open.spotify.com/album/7eaQqVyq6xzAVgsxSzSP83?si=4g3bIUiNSUOwD0tgMOVwEQ
Illmatic,Nas,1994,English,https://i.pinimg.com/736x/98/81/bc/9881bc31bc10e20eb2f76d4ca8e970fe.jpg,https://open.spotify.com/album/3kEtdS2pH6hKcMU9Wioob1?si=ZqWm4-Q4TBKb_3u8z0f7Tw
Hounds of Love,Kate Bush,1985,English,https://i.pinimg.com/736x/20/0d/a3/200da3db8c97080425668d78131e1f02.jpg,https://open.spotify.com/album/5G5UwqPsxDKpxJLX4xsyuh?si=ADDzOa18SEWRZgHMS5IW4g
Supa Dupa Fly,Missy Elliott,1997,English,https://i.pinimg.com/736x/17/00/cf/1700cffd6b5a8cec413ba00db51991ee.jpg,https://open.spotify.com/album/6UkdyvPElK6JDkyeRClbI2?si=MN7n-1amQTOUrTTGwjGEQg
Teen Dream,Beach House,2010,English,https://i.pinimg.com/736x/0d/af/71/0daf7120118d0ccb6b25b68695867bd4.jpg,https://open.spotify.com/album/6psfQ7hu5uqFLkdtWyygcT?si=PI2YEib3SlmjOX0RG9hQ6A
The Chronic,Dr. Dre,1992,English,https://i.pinimg.com/736x/79/c5/f1/79c5f1a2477e12b3b255726ac1295368.jpg,https://open.spotify.com/album/2V5rhszUpCudPcb01zevOt?si=flUnI-EZThSemozfS-z47w
Innervisions,Stevie Wonder,1973,English,https://i.pinimg.com/736x/d9/9e/b6/d99eb649c98554b18de715a202ccdd2f.jpg,https://open.spotify.com/album/5jgI8Eminx9MmLBontDWq8?si=ooKpLcVBQdGXiuxCY2aj2Q
Black Radio,Robert Glasper,2012,English,https://i.pinimg.com/736x/9b/30/04/9b3004e8b313471c11756c284375d42e.jpg,https://open.spotify.com/album/1yqUCdbw73DpnHBVDwNa3X?si=myuUOfsERieHydycMlCJ9Q
Kind Of Blue,Miles Davis,1959,English,https://i.pinimg.com/736x/06/3b/84/063b84e62714cf319d0593e883f02d9b.jpg,https://open.spotify.com/album/1weenld61qoidwYuZ1GESA?si=c21yX0aeSKi86xb_yok1TA
The Queen Is Dead,The Smiths,1986,English,https://i.pinimg.com/736x/65/3f/c1/653fc1329f0700b920c6f0e55f567e64.jpg,https://open.spotify.com/album/5Y0p2XCgRRIjna91aQE8q7?si=WYJokAirQOiu81n_DVCdTQ
"Crooked Rain, Crooked Rain",Pavement,1994,English,https://i.pinimg.com/736x/f0/57/56/f05756d58e276ddc430f2d486e4ca0be.jpg,https://open.spotify.com/album/1XFNz6KIvLyIsLFOiLRKqP?si=b-oluKv2TZaqSIwg11_zyQ
"For Emma, Forever Ago",Bon Iver,2007,English,https://i.pinimg.com/736x/d5/16/4a/d5164a3d960d75d9d29c9ceed377d69d.jpg,https://open.spotify.com/album/7EJ0OT5ZqybXxcYRa6mccM?si=7y8RrzV9QEeFQc6EVcvAOg
Disintegration,The Cure,1989,English,https://i.pinimg.com/736x/a4/b3/b6/a4b3b61883dc1ffa5a75fbd8be2a879e.jpg,https://open.spotify.com/album/6DZNOsLXIU2zOQfQDwDpIS?si=siKAJE7sSw-OAVoKw8FrTw
The Suburbs,Arcade Fire,2010,English,https://i.pinimg.com/736x/e7/11/bd/e711bdd05685c21b5d11c66bbe8cea0b.jpg,https://open.spotify.com/album/3DrgM5X3yX1JP1liNLAOHI?si=QfI5QD7tQW6YE6HawTgh6A
A Love Supreme,John Coltrane,1965,English,https://i.pinimg.com/736x/ea/8d/f9/ea8df9ae3396194512b49d37f68b496b.jpg,https://open.spotify.com/album/7Eoz7hJvaX1eFkbpQxC5PA?si=jwm7wLjjQuO1q0y9YudKHQ
Amnesiac,Radiohead,2001,English,https://i.pinimg.com/736x/fc/a8/43/fca843dd937187b0c458b6f46cfccb8c.jpg,https://open.spotify.com/album/1HrMmB5useeZ0F5lHrMvl0?si=DN9F9ANWQC6JXE6Sfs8EOg
The Kicks Inside,Kate Bush,1978,English,https://i.pinimg.com/736x/1f/2d/b0/1f2db03361fdc8092e1b0630b9573b40.jpg,https://open.spotify.com/album/5NKTuBLCYhN0OwqFiGdXd1?si=xJ_lpYSmTk-hzBH2wxX32g
Merriweather Post Pavilion,Animal Collective,2009,English,https://i.pinimg.com/736x/57/d3/8a/57d38a13b0f119ba747c2136dde14b1b.jpg,https://open.spotify.com/album/6BRq5g6CWiFgN3NrjLGAYq?si=Bt-zMGyRStWIJbMbU01mhw
Tidal,Fiona Apple,1996,English,https://i.pinimg.com/736x/8e/b5/24/8eb524782ef192938d69a808e28ca44b.jpg,https://open.spotify.com/album/5gVBXH8MT6zfdRkjp7qT18?si=2Smcfch4S2-azsQowZAkAg
Wish You Were Here,Pink Floyd,1975,English,https://i.pinimg.com/736x/00/82/e5/0082e52d4380efb933e1a458348c414b.jpg,https://open.spotify.com/album/0bCAjiUamIFqKJsekOYuRw?si=VmH0NSV7SGuLPeAn-Fku0g
When the Pawn...,Fiona Apple,1999,English,https://i.pinimg.com/736x/f8/95/3e/f8953eb7fb748143008b87d5ca319e10.jpg,https://open.spotify.com/album/3o5EnVZNJXtfPV8tCoagjI?si=vVtsgY7JRA2iDkJwYiUP8g
Black Rainbows,Corinne Bailey Rae,2023,English,https://i.pinimg.com/736x/0f/eb/8a/0feb8a43a2dd474290804b2027055244.jpg,https://open.spotify.com/album/741jF1Njwj0i1dQAPdvKZ1?si=n9shQrfATHK-fwS5NyXkqA
Station to Station,David Bowie,1976,English,https://i.pinimg.com/736x/ea/96/01/ea9601415abdc20490a45dde24c01d0b.jpg,https://open.spotify.com/album/0MWrKayUshRuT8maG4ZAOU?si=2oQI3NzgSDiDyP8w2hRL6w
Punisher,Phoebe Bridgers,2020,English,https://i.pinimg.com/736x/ce/be/d6/cebed612a52e7d18526b46519b719695.jpg,https://open.spotify.com/album/6Pp6qGEywDdofgFC1oFbSH?si=p7jm3uj-SRaZ8F2nsZaHIA
Cosmogramma,Flying Lotus,2010,English,https://i.pinimg.com/736x/1b/95/82/1b95821b8a8c624a56b61f75d1d8bd55.jpg,https://open.spotify.com/album/26yWpyWgFK6xuxi1UsLUFW?si=XCUU4DLpTpSx9t0Humzfvg
Devotion,Tirzah,2018,English,https://i.pinimg.com/736x/3c/6a/5c/3c6a5ca05528356637427ea374f83724.jpg,https://open.spotify.com/album/15GocbF7ybkkPP03YXtLqv?si=tEg35WXhT5S7t2Y4NsW4vQ
Japanese Breakfast,Soft Sounds from Another Planet,2017,English,https://i.pinimg.com/736x/72/33/5f/72335f6d1edb92a6d6b0baeb8e134409.jpg,https://open.spotify.com/album/6PnTp1NIlueJGURW4zSYua?si=fhF3adUeRWKYGihOfSZ8tg
Purple Rain,Prince,1984,English,https://i.pinimg.com/736x/c3/a6/14/c3a6148b16f3ffe6cda022f90834ad68.jpg,https://open.spotify.com/album/2umoqwMrmjBBPeaqgYu6J9?si=SOtWIHoBTduwShjs2PT4OQ
Coloring Book,Chance the Rapper,2016,English,https://i.pinimg.com/736x/95/ef/de/95efdece259391d4af457d74c76f47d0.jpg,https://open.spotify.com/album/71QyofYesSsRMwFOTafnhB?si=X1xRbDowTPiYEZuT-oioDg
Kala,M.I.A.,2007,English,https://i.pinimg.com/736x/fc/97/6a/fc976af23eb792118c780fa60f51df6d.jpg,https://open.spotify.com/album/2xoj2gYed3IYmGWn3owSfu?si=uwye7P-eQhOtPO_P9EuuVg
Illinois,Sufjan Stevens,2005,English,https://i.pinimg.com/736x/96/93/ea/9693eaa53be1c9a5e0beaabc4bafe3eb.jpg,https://open.spotify.com/album/1pOl0KEC1iQnA6F0XxV4To?si=eXs1Bd8ySP2G9J0PDetsww
Mingus Ah Um,Charles Mingus,1959,English,https://i.pinimg.com/736x/a3/77/65/a377657364bd26a7aa894bd921010673.jpg,https://open.spotify.com/album/7pojWP7x9uEFSJgw765khA?si=tDbkWXT-RWOsGF3WXvZHHA
Fleet Foxes,Fleet Foxes,2008,English,https://i.pinimg.com/736x/50/e0/1e/50e01e67d0bff7e7135251382fe1dfc7.jpg,https://open.spotify.com/album/5GRnydamKvIeG46dycID6v?si=quVuDBLESge2hmpnIVVY9w
Teens of Denial,Car Seat Headrest,2016,English,https://i.pinimg.com/736x/a5/39/89/a539895d9f0019019b3a769311e8f192.jpg,https://open.spotify.com/album/3KpYyDP8q8sUBxatHaYEsP?si=4UiEApBbQFCxhQ4eCS0v-A
Carrie & Lowell,Sufjan Stevens,2015,English,https://i.pinimg.com/736x/89/74/4a/89744a8307448a5613b0bf938a139dbe.jpg,https://open.spotify.com/album/64xtjfsPHNHch0CZ7fPTjS?si=ZJgIDZJWQMaKMZPUlDXHWg
Metaphorical Music,Nujabes,2003,Japanese/English,https://i.pinimg.com/736x/0f/ee/14/0fee1421680b3b9c1bba6616fdfd0459.jpg,https://open.spotify.com/album/5FrjDW96mCYw9ECc74c637?si=JrWFXo6yROe9mPoRnzVK5A
Madvillainy,Madvillain,2004,English,https://i.pinimg.com/736x/9c/ac/d5/9cacd522bb0e5c7e508d7f3b9ec429de.jpg,https://open.spotify.com/album/19bQiwEKhXUBJWY6oV3KZk?si=YBLXtKZKRoynkGJqrnyTyQ
Microcastle,Deerhunter,2008,English,https://i.pinimg.com/736x/86/be/9d/86be9d1908ffc21b61c9acd5fa6cfbfc.jpg,https://open.spotify.com/album/43uLXkk88Byu9LWsZ6p4wm?si=yiIlIbMzQ6Wh3XlsjrFdrQ
Getz/Gilberto,Stan Getz & Jo�o Gilberto,1964,Portuguese/English,https://i.pinimg.com/736x/54/80/cf/5480cf4283b62e96f0f919ec39a4b9a5.jpg,https://open.spotify.com/album/73ZRKdD3Ds43IjHrhKgucY?si=R3iQCOheTkSHcIB1EKn17Q
Father of the Bride,Vampire Weekend,2019,English,https://i.pinimg.com/736x/a2/53/47/a2534799186a8c6c17e47b35b94e0cb6.jpg,https://open.spotify.com/album/1A3nVEWRJ8yvlPzawHI1pQ?si=wHcjUm-wTUepb1QLisgLJA
Currents,Tame Impala,2015,English,https://i.pinimg.com/736x/68/8b/4c/688b4c9c7527fb8925a840c0cde72360.jpg,https://open.spotify.com/album/79dL7FLiJFOO0EoehUHQBv?si=B8WhAbFRRhy6Nv_MG_78Ug
Random Access Memories,Daft Punk,2013,English/French,https://i.pinimg.com/736x/c1/94/62/c19462d5d902f805701e8603e176033a.jpg,https://open.spotify.com/album/4m2880jivSbbyEGAKfITCa?si=CBOI0t1XTZqYAYWbt7MCKQ
Let's Stay Together,Al Green,1972,English,https://i.pinimg.com/736x/1d/8f/9a/1d8f9af57d5ed511f8b3d02ff470278e.jpg,https://open.spotify.com/album/58eMx3QrTkiRmGGbSz2XL0?si=1kN9OCh3TySKeOTIlkFFaA
The Black Saint and the Sinner Lady,Charles Mingus,1963,English,https://i.pinimg.com/736x/5d/0f/73/5d0f734657fe2a932a92856ded253a6f.jpg,https://open.spotify.com/album/6Sts4Yh7KsDFwq2yTWrGGV?si=kmdHqDUWQGChgSfahoR9yg
Whack World,Tierra Whack,2018,English,https://i.pinimg.com/736x/0c/8c/ee/0c8cee7e794f65d5c281b6b55594a2f0.jpg,https://open.spotify.com/album/3ogNAkUhvQy0cFOfLoR6Y8?si=rwjzasAXTPSAfTw__a3EHA
Pure Comedy,Father John Misty,2017,English,https://i.pinimg.com/736x/dd/8b/f9/dd8bf904357ea48012fd458cdf2e8084.jpg,https://open.spotify.com/album/6nyf9D2M4je5BdNXwycoIe?si=_IjSAHeURai2YULDe1n2Yw
Titanic Rising,Weyes Blood,2019,English,https://i.pinimg.com/736x/12/bb/fa/12bbfa0ce2eb41f5edeb1f6602b50c49.jpg,https://open.spotify.com/album/0Cuqhgy8vm96JEkBY3polk?si=JLgGzSv6S7KGgzVrXRqoQA
Grace,Jeff Buckley,1994,English,https://i.pinimg.com/736x/48/73/24/4873246341707e4a9455d3286c837eba.jpg,https://open.spotify.com/album/7yQtjAjhtNi76KRu05XWFS?si=0P1nUDI5SBK5foBvAMoA5A
Melodrama,Lorde,2017,English,https://i.pinimg.com/736x/71/80/a1/7180a1ed370c4dc2dc0b71d1a4546cad.jpg,https://open.spotify.com/album/2B87zXm9bOWvAJdkJBTpzF?si=ugJCLEGRS_uijIDuElaUFA
Depression Cherry,Beach House,2015,English,https://i.pinimg.com/736x/09/03/bd/0903bdd968b2ff6e34a00a01dc34a580.jpg,https://open.spotify.com/album/5tTmosmyV33wCiwniZc4Qs?si=zwW-HDyeSvuKKIbGyvMj_g
Malibu,Anderson .Paak,2016,English,https://i.pinimg.com/736x/63/eb/03/63eb0322798ede6b0a790be061145dce.jpg,https://open.spotify.com/album/4VFG1DOuTeDMBjBLZT7hCK?si=beRTJoIZQIOT6Ia-gptzMQ
Blue,Joni Mitchell,1971,English,https://i.pinimg.com/736x/e9/a3/d4/e9a3d4131f3774e5984ebe020e816271.jpg,https://open.spotify.com/album/1vz94WpXDVYIEGja8cjFNa?si=iX8AUxFyTxq7Raf5XaJsfg
Butterfly,Mariah Carey,1997,English,https://i.pinimg.com/736x/11/52/a3/1152a3f6ecf5bd3c43a11f331afdc88b.jpg,https://open.spotify.com/album/7aDBFWp72Pz4NZEtVBANi9?si=x6l-5m7mQn2R_tGOUsOD_w
Sometimes I Might Be Introvert,Little Simz,2021,English,https://i.pinimg.com/736x/33/2d/f6/332df6a5d15e8dfb12759cc84977a824.jpg,https://open.spotify.com/album/4nOym5RKE8Opauf3rMxPAW?si=VHHN-WhCTkympskQTBvxkg
Scenery,Ryo Fukui,1976,Japanese,https://i.pinimg.com/736x/8d/29/4e/8d294ece045567c6c1be1754693fb2ad.jpg,https://open.spotify.com/album/5Uny0mkKiVGDat7H6SNDyS?si=BpkWJ0xMQyGWF2WYIAksxA
The Age of Pleasure,Janelle Mon�e,2023,English,https://i.pinimg.com/736x/68/dd/bd/68ddbd72ac83eee285f91e93696c5d48.jpg,https://open.spotify.com/album/6llaxVKt3c3lZGLGPFBK6b?si=5aOQs9rQT1qMMcwN-Ey5MQ
Lamp Genso,Lamp,2008,Japanese,https://i.pinimg.com/736x/bf/dd/0f/bfdd0fbd593380a64b0c269b4fff172e.jpg,https://open.spotify.com/album/7b55VfUk2Vpuqnac9NDREc?si=2j4Nz68RQiqoQloqXsHkLw
Tous Les Gar�ons Et Les Filles,Fran�oise Hardy,1962,French,https://i.pinimg.com/736x/8c/d6/e0/8cd6e0372e2d9d1e2a8e5d2c275b1220.jpg,https://open.spotify.com/album/0TcP4beTgxQmREuHJ7BBY2?si=Y8kYx-83SPi7V3leoe7rsA
Tranquility Base Hotel & Casino,Arctic Monkeys,2018,English,https://i.pinimg.com/736x/73/8e/e5/738ee58b76f8ad84b87aaafad216c9bc.jpg,https://open.spotify.com/album/7v6FNgLDS8KmaWA1amUtqe?si=enxbFKsDR_eRd3U0LjUVRw
The Odd Tape,Oddisee,2016,English,https://i.pinimg.com/736x/96/2f/01/962f01ff7bb98d1b1fa51a2c0121b768.jpg,https://open.spotify.com/album/2lDwM7wisrR1V44bOMsuBl?si=7RNjBY4KSmCxClagPdvojg
12,Ryuichi Sakamoto,2023,Japanese,https://i.pinimg.com/736x/75/51/c6/7551c6ab899c99e3abdf53638dd26205.jpg,https://open.spotify.com/album/0kvmLk15RUoNqsn8acxqf4?si=H8gSNy-DQ2uKsvDAgZDpkw
Sing and Play,Faye Wong,1998,Mandarin,https://i.pinimg.com/736x/26/26/b3/2626b3091634ee00d7c90d945a46883e.jpg,https://open.spotify.com/album/2RwMTosAa4E9IXLEgThlO9?si=MTCYXELRTHyldydNMtfsaQ
Modern Times,IU,2013,Korean,https://i.pinimg.com/736x/61/9d/7a/619d7a768de40834f92abd0683a985d0.jpg,https://open.spotify.com/album/2QcuXvQBWv1ZKyQtEhLbFe?si=eqa_qoaZQNOR4CFqus0JVg
A Written Testimony,Jay Electronica,2020,English,https://i.pinimg.com/736x/bc/7b/63/bc7b63a3aae99670c639e61525b61b0b.jpg,https://open.spotify.com/album/0ZJt4dCoI19u71k37E1nQu?si=q51mXwusRIKhyc0OK7pELg
Racine Carr�e,Stromae,2013,French,https://i.pinimg.com/736x/f4/0d/35/f40d353a3f47f01a233ff5590e086398.jpg,https://open.spotify.com/album/6uyslsVGFsHKzdGUosFwBM?si=JGIDMdmcQfmM6RPF87DICg
Les �toiles vagabondes,Nekfeu,2019,French,https://i.pinimg.com/736x/21/75/61/2175614d6569e6cac7a298d926b678fe.jpg,https://open.spotify.com/album/3TDNimUU4nzPRD8BEwiZ0i?si=EDOiCoLfQ-CzH4jyVpYtKg
SAWAYAMA,Rina Sawayama,2020,English,https://i.pinimg.com/736x/29/0d/b3/290db3359b866113bd4ec4629ac61955.jpg,https://open.spotify.com/album/3stadz88XVpHcXnVYMHc4J?si=jLg5yYPkQA2HEyUiO1Tqxg
JINSEI KAKETE BOKU WA,ONE OK ROCK,2012,Japanese/English,https://i.pinimg.com/736x/71/b9/06/71b90681695d8ed5ddb36934930c4ca4.jpg,https://open.spotify.com/album/5dWke9BKYdBq7YXbb7jrLC?si=bZqyoFxCRii7BkujN_nj5Q
Hope Handwritten,Hope Tala,2025,English,https://i.pinimg.com/736x/99/b1/fe/99b1fe7b071667c6510a2f73d5de0fe8.jpg,https://open.spotify.com/album/3QTYU8CnWg0tOnnIxfrLDq?si=mfOgHaXMRwueJi1d5xA2JA
Pink Noise,Laura Mvula,2021,English,https://i.pinimg.com/736x/7c/dd/e9/7cdde9dcc1d37e6efefb5081579547d1.jpg,https://open.spotify.com/album/1VQO9qF4W5tCsMfwDYh5FU?si=R9eo1-OWRDieXAsX5fzbnA
Song Machine Season One,Gorillaz,2020,English,https://i.pinimg.com/736x/d1/9e/3c/d19e3c12226208a12906f8d789baa3b2.jpg,https://open.spotify.com/album/5I9K0u8r52jp4Y2bF8mOaz?si=xMqE6dmiT8aq-2cLESOpwA
Plastic Beach,Gorillaz,2010,English,https://i.pinimg.com/736x/19/49/67/1949677a3fe8357ac936252fccde83bd.jpg,https://open.spotify.com/album/2dIGnmEIy1WZIcZCFSj6i8?si=-7_ljD53RuWWesWaA-i_mg
Swimming,Mac Miller,2018,English,https://i.pinimg.com/736x/6d/87/9b/6d879b028591a7a4d4807d3fbe0d5f40.jpg,https://open.spotify.com/album/5wtE5aLX5r7jOosmPhJhhk?si=BGlWxiZRQIO6clOLny-2HQ
Razzmatazz,I DONT KNOW HOW BUT THEY FOUND ME,2020,English,https://i.pinimg.com/736x/44/ea/b9/44eab941dd35721c6b0a17601ad93841.jpg,https://open.spotify.com/album/7q8hYYZgsIQCXibLzwiPll?si=xgK_JX8jQyanb07dQE1ZtA
Oxnard,Anderson .Paak,2018,English,https://i.pinimg.com/736x/99/d2/98/99d298cd6a7041590fb32a7d22722f40.jpg,https://open.spotify.com/album/3rqqwtJE89WoWvMyPTvbZc?si=Y0_ci7hUTlWyzkiCuhQ0jw
Drogas Wave,Lupe Fiasco,2018,English,https://i.pinimg.com/736x/fe/9c/74/fe9c74d198b15913e110950f38894a9d.jpg,https://open.spotify.com/album/2liBYuCYfW37CmNkub2BaH?si=QZ-cm_eTToeX4dKrT0lBDw
Whole Lotta Red,Playboi Carti,2020,English,https://i.pinimg.com/736x/55/7f/30/557f30e5afa7f5c556c41c20e224e855.jpg,https://open.spotify.com/album/2QRedhP5RmKJiJ1i8VgDGR?si=8YPnKyCiRi2gX3rjC93E4g
Atrocity Exhibition,Danny Brown,2016,English,https://i.pinimg.com/736x/48/a6/65/48a665d4fa6436ced7c2c8a572cc1cf6.jpg,https://open.spotify.com/album/3A1vnUJDPz0xYMful9pO4I?si=6BbIXQ3pQG6yqfPGahrDEQ
The Slow Rush,Tame Impala,2020,English,https://i.pinimg.com/736x/95/06/24/9506241b75516d00d0c6a01c4cd75253.jpg,https://open.spotify.com/album/31qVWUdRrlb8thMvts0yYL?si=fUSuWwEzSHuaBQf3eYzf9g
4:44,JAY-Z,2017,English,https://i.pinimg.com/736x/7a/14/67/7a1467ac2f25aa1271338c41c687e575.jpg,https://open.spotify.com/album/7GoZNNb7Yl74fpk8Z6I2cv?si=iLbyNGkbQNuzkqKlWmo1XA
Melt My Eyez See Your Future,Denzel Curry,2022,English,https://i.pinimg.com/736x/d9/41/f3/d941f3f42ce98f2138648001d458fc04.jpg,https://open.spotify.com/album/7KtyUeiJidoZO0ybxBXw0Q?si=dY972gEcRauxZcXi5VZ9Wg
Some Rap Songs,Earl Sweatshirt,2018,English,https://i.pinimg.com/736x/78/b2/25/78b22561085d59d99bb1fecc9b86c8f5.jpg,https://open.spotify.com/album/66at85wgO2pu5CccvqUF6i?si=66rwtF3oRmahlyMVTMJVeg
Big Fish Theory,Vince Staples,2017,English,https://i.pinimg.com/736x/5c/82/0b/5c820b775eeb85d0029e44bf86d17f5c.jpg,https://open.spotify.com/album/5h3WJG0aZjNOrayFu3MhCS?si=rph3JVQJTUCnSPrGSzvYHg
1999,Joey Bada$$,2012,English,https://i.pinimg.com/736x/3e/76/3a/3e763a142d30adb72c4626258032f9f2.jpg,https://open.spotify.com/album/5ra51AaWF3iVebyhlZ1aqq?si=dazCTYa0SNWYtnlBpJ1oGA
Room 25,Noname,2018,English,https://i.pinimg.com/736x/7b/3f/7e/7b3f7e1983712a4c531ed07299df5131.jpg,https://open.spotify.com/album/5GV2nBx7O67vu9NYHbMfXl?si=tgw_BoiJR1md9S3EKW4jiA
Art Angels,Grimes,2015,English,https://i.pinimg.com/736x/8c/92/49/8c9249fdcc56588a6a2747b7bb10bdbb.jpg,https://open.spotify.com/album/7J84ixPVFehy6FcLk8rhk3?si=mbQA3e2kTGixDfudBsqTxg
Misery Is a Butterfly,Blonde Redhead,2004,English,https://i.pinimg.com/736x/5c/04/f6/5c04f6592e423ba59f1a8bb4ad9abc54.jpg,https://open.spotify.com/album/2IOkphZwsrRk1nWRkikEgK?si=GI33RCB-RQuSAIAZX7NzmQ
Kiwanuka,Michael Kiwanuka,2019,English,https://i.pinimg.com/736x/ea/58/86/ea5886b65c116a5b9dfe85ce72057c0d.jpg,https://open.spotify.com/album/1yIqauTni1V7l7djYAKSsZ?si=T_jGJJ7zTGG6n9lScNRapA
Heaux Tales,Jazmine Sullivan,2021,English,https://i.pinimg.com/736x/bd/cd/54/bdcd540563ddbd2a2d6d6d5b6aee50bd.jpg,https://open.spotify.com/album/5g9YhHW8tE7Tcslgxsk5u9?si=cHD8SSvkQQ6Awz7VxeQsyg
KIDS SEE GHOSTS,KIDS SEE GHOSTS,2018,English,https://i.pinimg.com/736x/a6/d6/0c/a6d60c943739b5c0d9f13260e5266944.jpg,https://open.spotify.com/album/6pwuKxMUkNg673KETsXPUV?si=rpRED1XtQVyop5NGlz5kuQ
Magdalene,FKA twigs,2019,English,https://i.pinimg.com/736x/9e/f5/75/9ef57546af15031fd7dbdc33aabb070f.jpg,https://open.spotify.com/album/3DMR3yM5crnt1dG9lLaMTZ?si=TXAgSr6vRW2LiuIoDCjTSg
Dirty Computer,Janelle Mon�e,2018,English,https://i.pinimg.com/736x/ed/b6/54/edb6541042d2f19288a79e848efbfe14.jpg,https://open.spotify.com/album/2PjlaxlMunGOUvcRzlTbtE?si=RwszHRbpSg2MjT0XEtTXlA
Lost & Found,Jorja Smith,2018,English,https://i.pinimg.com/736x/73/26/8f/73268fec1cadaf48150a2f34549a4777.jpg,https://open.spotify.com/album/3AlSuZnX4ZCab8eoWnnfbm?si=UhZVFuHhRxqHFQBrtnHYqw
Back To Black,Amy Winehouse,2006,English,https://i.pinimg.com/736x/86/a1/7b/86a17b9629aab9a92883f73691a560c6.jpg,https://open.spotify.com/album/097eYvf9NKjFnv4xA9s2oV?si=ryoBA-KwRSa7856qySfZrw
A Brief Inquiry Into Online Relationships,The 1975,2018,English,https://i.pinimg.com/736x/4a/33/8d/4a338d44fb225c0521c5968f5b0d8e8f.jpg,https://open.spotify.com/album/6PWXKiakqhI17mTYM4y6oY?si=tPv1ZhFyQVGE5MSqKhYlHQ
Sound & Color,Alabama Shakes,2015,English,https://i.pinimg.com/736x/ef/33/db/ef33db66d7a35e286ceb491a8ad6abdb.jpg,https://open.spotify.com/album/7ENKsNwViH6KjudEvVdMz1?si=bfgFEaNhS4ye6hET-9dQvA
Heaven Beach,Anri,1982,Japanese,https://i.pinimg.com/736x/9e/20/85/9e208538f57ab6c76f4099abd00cfb98.jpg,https://open.spotify.com/album/74XLaVRIeHY51nuXcC5RuS?si=E1Gm1PS2TO27T5PWyp7Vxw
wonderego,Crush,2023,English/Korean,https://i.pinimg.com/736x/b2/72/62/b2726275671f28141052d0834d41892e.jpg,https://open.spotify.com/album/7ikvq6MB2VhB2IPCDO6RnP?si=sLjUbugzS6q-N3CU6COTpA
Un Verano Sin Ti,Bad Bunny,2022,Spanish,https://i.pinimg.com/736x/21/9e/32/219e323ff0df51c09d065e4e26379f5b.jpg,https://open.spotify.com/album/3RQQmkQEvNCY4prGKE6oc5?si=w08jybDtQhi6xuGVepgpzQ
C�ur,Clara Luciani,2021,French,https://i.pinimg.com/736x/80/2a/97/802a97b8ca95d13b2af2c36a4e5b5c41.jpg,https://open.spotify.com/album/690kSW79qcdrg4cN03cBbC?si=y6RcBEquRLOD8tL6UGxD1Q
For Melancholy Brunettes (& sad women),Japanese Breakfast,2025,English,https://i.pinimg.com/736x/36/a3/57/36a357b85e3b301a7bfc9fde33867bc8.jpg,https://open.spotify.com/album/4qqdOkr3Ff3kN8GxoxvRES?si=iFnTOUq3QUiEXepnnzeP4A
Nectar,Joji,2020,English,https://i.pinimg.com/736x/95/f8/91/95f891374af7ceab30f5491094ba5465.jpg,https://open.spotify.com/album/6gJ8VKn5PAFcCIVaf3B2uE?si=ALj89U02RzuQ6lEkIF8L0g
Mahal,Toro y Moi,2022,English,https://i.pinimg.com/736x/2b/92/2a/2b922a68bb4b0942e26f8f440b19a241.jpg,https://open.spotify.com/album/16AQyjz1z9rOsTm6iVrBUR?si=jTVAZjBkQCWqwVgY1eNiwg
Quaranta,Danny Brown,2023,English,https://i.pinimg.com/736x/ac/d7/5b/acd75b5e404663784964edb722ba5866.jpg,https://open.spotify.com/album/2aswMmRN4vXGalI39pDsMb?si=DVCGz2toTfiALGSkqUDo_Q
Skinty Fia,Fontaines D.C.,2022,English,https://i.pinimg.com/736x/bc/6b/4b/bc6b4bb5672f83ad16f003411f084386.jpg,https://open.spotify.com/album/0aVN6rMKthfuAdDXn8RTXf?si=-LK8Lp8LTryWFV5ostrcgQ
The OOZ,King Krule,2017,English,https://i.pinimg.com/736x/5b/7e/6f/5b7e6f2513c494f64f25b677d137f705.jpg,https://open.spotify.com/album/7D0onfXwlFnOvm1gF3nEdw?si=evVZ-UG7Tc2wFl2kn4iGwA
In Utero,Nirvana,1993,English,https://i.pinimg.com/736x/51/f5/ea/51f5eaf707a35b1c588f46b30156d38b.jpg,https://open.spotify.com/album/7wOOA7l306K8HfBKfPoafr?si=EoC4NmTDSxysbu1roMcGbQ
Drunk,Thundercat,2017,English,https://i.pinimg.com/736x/1b/8f/d3/1b8fd38062220a546bdec4a0265f2eb7.jpg,https://open.spotify.com/album/7vHBQDqwzB7uDvoE5bncMM?si=GhBL5aTTQPWXnzIzGCiqpg
In My Garden,Yoon Jiyoung,2023,Korean,https://t2.genius.com/unsafe/483x0/https%3A%2F%2Fimages.genius.com%2Fc420f5773e71d6e7060c6525afb3f306.1000x1000x1.png,https://open.spotify.com/album/5eptzTFZfkY4V2LtbnDE5d?si=SSCqCE68QXeFWji0sIngBw
Precious,Chant� Moore,1992,English,https://i.pinimg.com/736x/7a/2a/bb/7a2abb7cbfe2a533fa9c05d6e6bd2f91.jpg,https://open.spotify.com/album/5QZQqTB2MaLyKFRiCrgUOY?si=xVrirO_fS1eEUY-swA1o0Q
Fuyukukan,Tomoko Aran,1983,Japanese,https://i.pinimg.com/736x/54/13/e2/5413e2fb1c8e4e5b66c500276c865839.jpg,https://open.spotify.com/album/7fa6VpNPvW2DVbtohJ0x44?si=5YGu5Hg1Qjuwz4Dzti2zLA
Horses,Patti Smith,1975,English,https://i.pinimg.com/736x/0b/10/1e/0b101e0742633d44c61ffd3bb63f7983.jpg,https://open.spotify.com/album/0OeuSeP8wp8n8OuTqYb61C?si=RPZt78xwTqCs4mD912IItg
Stankonia,OutKast,2000,English,https://i.pinimg.com/736x/4e/da/9a/4eda9a85646811e9d49e4eed133b5e8b.jpg,https://open.spotify.com/album/2tm3Ht61kqqRZtIYsBjxEj?si=jMv19IHZSNCcEaL6bRviQA
It Takes a Nation of Millions to Hold Us Back,Public Enemy,1988,English,https://i.pinimg.com/736x/1b/f1/07/1bf1073f0c7840cb61e1dd3df8997006.jpg,https://open.spotify.com/album/1Rj1daFzMlYzLv7lJl14hz?si=uw8gJpMsQPiOmTj9mV94mA
